CaseNo,Colony,BR3,BR7,LC9,FileID,LicenseNo,IssueDate,Purpose,Area_acre,DevPlanRaw,ValidUpto,Sector,Developer,LandSchedule1,LandSchedule2
LC-186,"GOV EMPLOYEE ROH RPL



GOV EMPLOYEE ROH RPL (Revised Layout and Demarcation Plan)",,,,LC-186A,1 OF 2003,02/01/2003,RPL,97.91,Rohtak,01/01/2020,,The Government Employee,View Land Schedule,View
LC-587,RAMA ROH-RPL,,,,LC-587A,1DUD OF 2003,24/12/2003,RPL,15.843,Rohtak,23/12/2005,22,Rama Auto Cars,,View
LC-758,RAMESH ROH RPL,,,,LC-758A,1-2 OF 2005,16/06/2005,RPL,4.4,Rohtak,16/06/2007,,Ramesh Chander,View Land Schedule,View
LC-704,"OMAXE ROH 26, 28 RPL 

(New LOP)

OMAXE ROH 26, 28 RPL 

(Previous LOP) (Zoning Plan)",,,,LC-704A,527-542 OF 2006,06/03/2006,RPL,77.48,Rohtak,05/03/2017,"26,28",Omaxe Construction,View Land Schedule,View
LC-636,UDDAR ROH-23-27-28 RPL,,,,LC-636A,1081-1104 OF 2006,01/09/2006,RPL,60.43,Rohtak,31/08/2013,"27,28,23",Uddar Gagan Properties   & Others,View Land Schedule,View
LC-636,UDDAR ROH-23-27-28 RPL,,,,LC-636B,1105-1124 OF 2006,02/09/2006,RPL,51.89,Rohtak,01/09/2013,27,Uddar Gagan Properties   & Others,View Land Schedule,View
LC-636,UDDAR ROH-23-27-28 RPL,,,,LC-636C,96 OF 2012,07/09/2012,RPL,15.8,Rohtak,06/09/2016,27,Uddar Gagan Properties Pvt. Ltd.,View Land Schedule,View
LC-847,SHARADFARMS ROH-34-35-36 RPL Zoning Plan of Part-1 (Drg. No. DTCP-6572-I  Dated-16/08/2018) Zoning Plan of Part-2 (Drg. No. DTCP-6572-II  Dated-16/08/2018) Zoning Plan of Part-3 (Drg. No. DTCP-6572-III  Dated-16/08/2018) (Revised Zoning Plan),3/7/2017,,05/03/2024,LC-847A,1134-1166 OF 2006,22/09/2006,RPL,159.935,Rohtak,21/09/2019,"34,35,36",Sharad Farms and Holdings Pvt Ltd,View Land Schedule,View
LC-847,SHARADFARMS ROH-34-35-36 RPL Zoning Plan of Part-1 (Drg. No. DTCP-6572-I  Dated-16/08/2018) Zoning Plan of Part-2 (Drg. No. DTCP-6572-II  Dated-16/08/2018) Zoning Plan of Part-3 (Drg. No. DTCP-6572-III  Dated-16/08/2018) (Revised Zoning Plan),3/7/2017,,05/03/2024,LC-847B,187 OF 2008,08/11/2008,RPL,168.1,Rohtak,07/11/2020,"34,35,36",Sharad Farms and Holdings Pvt Ltd,View Land Schedule,View
LC-847,SHARADFARMS ROH-34-35-36 RPL Zoning Plan of Part-1 (Drg. No. DTCP-6572-I  Dated-16/08/2018) Zoning Plan of Part-2 (Drg. No. DTCP-6572-II  Dated-16/08/2018) Zoning Plan of Part-3 (Drg. No. DTCP-6572-III  Dated-16/08/2018) (Revised Zoning Plan),3/7/2017,,05/03/2024,LC-847D,17 OF 2009,31/05/2009,RPL,19.97,Rohtak,30/05/2019,"34,35,36",Sharad Farms and Holdings Pvt Ltd,View Land Schedule,View
LC-847,SHARADFARMS ROH-34-35-36 RPL Zoning Plan of Part-1 (Drg. No. DTCP-6572-I  Dated-16/08/2018) Zoning Plan of Part-2 (Drg. No. DTCP-6572-II  Dated-16/08/2018) Zoning Plan of Part-3 (Drg. No. DTCP-6572-III  Dated-16/08/2018) (Revised Zoning Plan),3/7/2017,,05/03/2024,LC-847E,04 OF 2014,21/01/2014,RPL,10.556,Rohtak,20/01/2020,"34,35,36",Sharad Farms and Holdings Pvt Ltd,View Land Schedule,View
LC-847,SHARADFARMS ROH-34-35-36 RPL Zoning Plan of Part-1 (Drg. No. DTCP-6572-I  Dated-16/08/2018) Zoning Plan of Part-2 (Drg. No. DTCP-6572-II  Dated-16/08/2018) Zoning Plan of Part-3 (Drg. No. DTCP-6572-III  Dated-16/08/2018) (Revised Zoning Plan),3/7/2017,,05/03/2024,LC-847F,2 OF 2015,19/06/2015,RPL,7.3125,Rohtak,18/06/2025,"34,35,36",Sharad Farms and Holdings Pvt Ltd,View Land Schedule,View
LC-1606,SONIKA ROH-36A RPL (Zoning Plan),,,17/01/2025,LC-1606A,9 OF 2009,19/05/2009,RPL,76.81,Rohtak,18/05/2025,36A,Sonika Properties Pvt ltd,View Land Schedule,View
LC-856,OMAXE ROH-28 RPL,,,,LC-856A,23 OF 2009,06/06/2009,RPL,41.91,Rohtak,05/06/2015,28,Omaxe Construction,View Land Schedule,View
LC-1161,ONE POINT ROH-37 RPL (Layout Plan-25/03/2010) (Lic. No. 29 of 2010) (Revised Layout Plan-06/09/2012) (Lic. No. 29 of 2010 & 101 of 2012) (Demarcation cum Zoning Plan),,,,LC-1161A,29 OF 2010,25/03/2010,RPL,58.09,Rohtak,24/03/2025,37,One Point Realty Pvt. Ltd,View Land Schedule,View
LC-1161,ONE POINT ROH-37 RPL (Layout Plan-25/03/2010) (Lic. No. 29 of 2010) (Revised Layout Plan-06/09/2012) (Lic. No. 29 of 2010 & 101 of 2012) (Demarcation cum Zoning Plan),,,,LC-1161B,101 OF 2012,06/09/2012,RPL,5.39,Rohtak,05/09/2023,37,One Point Realty Pvt. Ltd,View Land Schedule,View
LC-1161,ONE POINT ROH-37 RPL (Layout Plan-25/03/2010) (Lic. No. 29 of 2010) (Revised Layout Plan-06/09/2012) (Lic. No. 29 of 2010 & 101 of 2012) (Demarcation cum Zoning Plan),,,,LC-1161D,173 OF 2023,28/08/2023,RPL,0.28125,Rohtak,27/08/2028,37,One Point Realty Pvt. Ltd,View Land Schedule,View
LC-1498,"PARSVANATH ROH-33, 33A RPL (Zoning Plan)",,,,LC-1498A,36 OF 2010,07/05/2010,RPL,118.19,Rohtak,06/05/2014,"33-A,33",Parsvnath Developers,View Land Schedule,View
LC-1924,SONIKA ROH-36A RGH,09/01/2018,"09/07/2018 [Tower-T2, T3, T10, T11, T12 & T16 (EWS)] 24/01/2019 (Towers-T7-T9, T14, T16 etc.) 03/07/2023 30/03/2026",,LC-1924A,65 OF 2010,21/08/2010,RGH,14.813,Rohtak,20/08/2026,36A,Sonika Properties Pvt ltd,View Land Schedule,View
LC-919,"UDDAR ROH-27, 28 RPL",,,,LC-919A,91 OF 2012,03/09/2012,RPL,92.73,Rohtak,02/09/2016,27-28,Uddar Gagan Properties Pvt. Ltd.,View Land Schedule,View
LC-638,UDDAR ROH-27 RPL,,,,LC-638B,99 OF 2012,07/09/2012,RPL,32.45,Rohtak,06/09/2016,27,Uddar Gagan Properties Pvt. Ltd.,View Land Schedule,View
LC-2507,JOP ROH-28 RGH,07/03/2024,13/09/2024,,LC-2507A,7 OF 2013,04/03/2013,RGH,6.09,Rohtak,03/03/2017,28,Jop International Ltd.,View Land Schedule,View
LC-2900,DHL ROH-27A RGH,,,,LC-2900A,53 OF 2014,20/06/2014,RGH,8.19,Rohtak,19/06/2019,27A,DHL Infratech Pvt. Ltd.,View Land Schedule,View
LC-2932,SHRISHTI ROH-3 RGH,,,,LC-2932A,3 OF 2016,12/04/2016,RGH,5.18,Rohtak,11/04/2021,3,Shrishti Infra Developers Pvt. Ltd.,View Land Schedule,View
LC-3266,SHARAD (SUNCITY) ROH-36 DDJAY-APHP SHARAD (SUNCITY) ROH-36 DDJAY-APHP (Revised Layout Plan),,,05/02/2018,LC-3266A,25 OF 2017,08/06/2017,DDJAY-APHP,5.65,Rohtak,07/06/2022,36,Sharad Farms & Holdings Pvt. Ltd.,View Land Schedule,View
LC-3453,SHARAD (SUNCITY) ROH-36 DDJAY-APHP SHARAD (SUNCITY) ROH-36 DDJAY-APHP (Layout Plan),,,05/02/2018,LC-3453A,26 OF 2017,08/06/2017,DDJAY-APHP,6.73,Rohtak,07/06/2022,36,Sharad Farms & Holdings Pvt. Ltd.,View Land Schedule,View
LC-3284,KASHISH (OMAXE) ROH-22D DDJAY-APHP KASHISH (OMAXE) ROH-22D DDJAY-APHP (Layout Plan),,,31/01/2025,LC-3284A,27 OF 2017,08/06/2017,DDJAY-APHP,5.61,Rohtak,07/06/2025,22D,Kashish Buildtech Pvt. Ltd.,View Land Schedule,View
LC-3267,SHARAD (SUNCITY) ROH-36 DDJAY-APHP SHARAD (SUNCITY) ROH-36 DDJAY-APHP (Layout Plan),,,05/02/2018,LC-3267A,28 OF 2017,08/06/2017,DDJAY-APHP,5.02,Rohtak,07/06/2022,36,Sharad Farms & Holdings Pvt. Ltd.,View Land Schedule,View
LC-3283,KAMINI (OMAXE) ROH-22D DDJAY-APHP KAMINI (OMAXE) ROH-22D DDJAY-APHP (Layout Plan),,,19/02/2025,LC-3283A,29 OF 2017,08/06/2017,DDJAY-APHP,8.47,Rohtak,07/06/2025,22D,Kamini Builders & Promoters Pvt. Ltd.,View Land Schedule,View
LC-3291,KASHISH (OMAXE) ROH-22D DDJAY-APHP,,,,LC-3291A,30 OF 2017,08/06/2017,DDJAY-APHP,14.81,Rohtak,07/06/2025,22D,Kashish Buildtech Pvt. Ltd.,View Land Schedule,View
LC-3285,KAMINI (OMAXE) ROH-22D DDJAY-APHP KAMINI (OMAXE) ROH-22D DDJAY-APHP (Layout Plan),,,18/09/2019,LC-3285A,31 OF 2017,08/06/2017,DDJAY-APHP,13.75,Rohtak,07/06/2022,22D,Kamini Builders & Promoters Pvt. Ltd.,View Land Schedule,View
LC-3295,ONE POINT ROH-37 DDJAY-APHP (Layout Plan) (Layout Plan),,,,LC-3295A,32 OF 2017,15/06/2017,DDJAY-APHP,10.49,Rohtak,14/06/2022,37,One Point Realty Pvt. Ltd.,View Land Schedule,View
LC-3230,BESTTECH ROH-25D DDJAY-APHP,,,05/03/2025,LC-3230A,62 OF 2017,28/07/2017,DDJAY-APHP,7.75,Rohtak,27/07/2022,25D,BESTTECH DEVELOPERS PVT. LTD.,View Land Schedule,View
LC-3371,KADIAN ROH-35 DDJAY-APHP,,,25/09/2019,LC-3371A,78 OF 2017,29/09/2017,DDJAY-APHP,6.88125,Rohtak,28/09/2022,35,Kadian Agro Farms Pvt. Ltd.,View Land Schedule,View
LC-3534,DHL INF ROH-27A DDJAY-APHP (Layout Plan),,,,LC-3534A,83 OF 2017,07/10/2017,DDJAY-APHP,8.19375,Rohtak,06/10/2026,27A,DHL INFRATECH PVT. LTD.,View Land Schedule,View
LC-3466,FORTEASIA (OMAXE) ROH-22D DDJAY-APHP,,,12/07/2019,LC-3466A,109 OF 2017,21/12/2017,DDJAY-APHP,11.475,Rohtak,20/12/2022,22D,Forteasia Realty Pvt. Ltd.,View Land Schedule,View
LC-3622,SHRISHTI ROH-3-4 DDJAY-APHP SHRISHTI ROH-3-4 DDJAY-APHP (Layout Plan),,,,LC-3622A,38 OF 2018,13/06/2018,DDJAY-APHP,5.176,Rohtak,12/06/2026,"4,3",SHRISHTI INFRA DEVELOPERS PVT. LTD.,View Land Schedule,View
LC-3662,INFORMAGE ROH-34 DDJAY-APHP,,,27/07/2026,LC-3662A,43 OF 2018,19/06/2018,DDJAY-APHP,12.775,Rohtak,18/06/2026,34,Informage Reality Pvt.Ltd.,View Land Schedule,View
LC-3617,CNR SOFT ROH-22D DDJAY-APHP,,,,LC-3617A,86 OF 2018,10/12/2018,DDJAY-APHP,10.5875,Rohtak,09/12/2025,22D,CNR Leading Softek Pvt. Ltd.,View Land Schedule,View
LC-4467,SUNCITY ROH-34 DDJAY-APHP,,,,LC-4467A,45 OF 2021,11/08/2021,DDJAY-APHP,5.16875,Rohtak,10/08/2026,34,SUNCITY BUILDCON PVT LTD.,View Land Schedule,View
LC-4561,ESSEL ROH-35 DDJAY AHP,,,,LC-4561A,100 OF 2021,18/11/2021,DDJAY-APHP,14.96875,Rohtak,17/11/2026,35,Essel Infra LLP,View Land Schedule,View
LC-4641,NUGRAJ ROH IPA (Layout Plan) (Zoning Plan) (Layout Plan),,,,LC-4641A,28 OF 2022,22/03/2022,IPA,16.9625,Rohtak,21/03/2027,NA,Nugraj Developers LLP,View Land Schedule,View
LC-4641,NUGRAJ ROH IPA (Layout Plan) (Zoning Plan) (Layout Plan),,,,LC-4641B,113 OF 2026,09/06/2026,IPA,24.6125,Rohtak,08/06/2031,NA,Nugraj Developers LLP,View Land Schedule,View
LC-3354,M2M ROH-27A DDJAY-APHP,,,,LC-3354A,96 OF 2022,15/07/2022,DDJAY-APHP,7.418,Rohtak,14/07/2027 (LOI-03.03.2017),27A,M2M BUILDTECH PVT. LTD.,View Land Schedule,View
LC-4647,PALM ROH-25D DDJAY-APHP,,,,LC-4647A,169 OF 2022,22/10/2022,DDJAY-APHP,8.903,Rohtak,21/10/2027,25D,PALM ABODES BUILDCON PVT. LTD.,View Land Schedule,View
LC-4919,FORTEASIA ROH-27A DDJAY-APHP,,,17/04/2026,LC-4919A,175 OF 2022,03/11/2022,DDJAY-APHP,6.925,Rohtak,02/11/2027,27A,Forteasia Realty Pvt. Ltd.,View Land Schedule,View
LC-4918,FORTEASIA ROH-22D DDJAY-APHP,,,19/02/2026,LC-4918A,215 OF 2022,29/12/2022,DDJAY-APHP,22.33125,Rohtak,28/12/2027,22D,Forteasia Realty Pvt. Ltd.,View Land Schedule,View
LC-4918,FORTEASIA ROH-22D DDJAY-APHP,,,19/02/2026,LC-4918B,66 OF 2024,18/06/2027,DDJAY-APHP,6.8625,Rohtak,17/06/2029,22D,Forteasia Realty Pvt. Ltd.,View Land Schedule,View
LC-4920,FORTEASIA ROH-22D DDJAY-APHP,,,,LC-4920A,217 OF 2022,29/12/2022,DDJAY-APHP,8.5875,Rohtak,28/12/2027,22D,Forteasia Realty Pvt. Ltd.,View Land Schedule,View
LC-3268,ORANGE ROH-26-A DDJAY-APHP,,,,LC-3268A,35 OF 2023,16/02/2023,DDJAY-APHP,6.16875,Rohtak,15/02/2028,26A,ORANGE CASTLE PVT. LTD.,View Land Schedule,View
LC-4921,FORTEASIA ROH-22D DDJAY-APHP,,,,LC-4921A,37 OF 2023,20/02/2023,DDJAY-APHP,6.0625,Rohtak,19/02/2028,22D,Forteasia Realty Pvt. Ltd.,View Land Schedule,View
LC-5018,NVRLLP ROH-21-E DDJAY-APHP (Demarcation cum Zoning Plan),,,,LC-5018A,54 OF 2023,16/03/2023,DDJAY-APHP,18.075,Rohtak,15/03/2028,21E,NV Residency LLP,View Land Schedule,View
LC-5018,NVRLLP ROH-21-E DDJAY-APHP (Demarcation cum Zoning Plan),,,,LC-5018B,149 OF 2024,17/11/2024,DDJAY-APHP,8.2875,Rohtak,16/11/2029,21E,NV Residency LLP,View Land Schedule,View
LC-4959,PRIMA ROH-21-E DDJAY-APHP,,,,LC-4959A,68 OF 2023,29/03/2023,DDJAY-APHP,11.8,Rohtak,28/03/2028,21E,Prima Land and Housing LLP,View Land Schedule,View
LC-4964,RISSAN ROH-33&33-A DDJAY-APHP,,,,LC-4964A,74 OF 2023,06/04/2023,DDJAY-APHP,15.15625,Rohtak,05/04/2028,33A,Rissan Buildtech LLP,View Land Schedule,View
LC-4926,RITU ROH-27A DDJAY-APHP,,,,LC-4926A,98 OF 2023,04/05/2023,DDJAY-APHP,5.73125,Rohtak,03/05/2028,27A,Dr. Ritu Goyal,View Land Schedule,View
LC-4962,SUMITRA JHA IPA Layout Plan (Zoning Plan),15/05/2023,,,LC-4962A,105 OF 2023,12/05/2023,IPA,14.89375,SAMPLA in Jhajjar,11/05/2028,,Sumitra Constructions Pvt. Ltd.,View Land Schedule,View
LC-4586,ARJK ROH-22D DDJAY-APHP (Revised Layout Plan) (Revised Demarcation cum Zoning Plan) (Revised Layout cum Demarcation Plan),,,,LC-4586A,108 OF 2023,17/05/2023,DDJAY-APHP,12.0875,Rohtak,16/05/2028,22D,ARJK DEVELOPERS PVT. LTD.,View Land Schedule,View
LC-4586,ARJK ROH-22D DDJAY-APHP (Revised Layout Plan) (Revised Demarcation cum Zoning Plan) (Revised Layout cum Demarcation Plan),,,,LC-4586B,109 OF 2025,02/07/2025,DDJAY-APHP,2.2,Rohtak,01/07/2030,22D,ARJK DEVELOPERS PVT. LTD.,View Land Schedule,View
LC-4880,BKS JHA IPA (EPP) Layout Plan (Demarcation Cum Zoning Plan),,,,LC-4880A,110 OF 2023,18/05/2023,IPA,12.44375,SAMPLA in Jhajjar,17/05/2028,,BKS Infra Developers Pvt. Ltd.,View Land Schedule,View
LC-4320,VIJAYLAXMI ROH DDJAY-APHP,,,,LC-4320A,144 OF 2023,11/07/2023,DDJAY-APHP,5.218,Rohtak,10/07/2028,22D,Vijaylaxmi Infrabuild Pvt. Ltd.,View Land Schedule,View
LC-4735,SUHAG ROH-22D DDJAY-APHP,,,,LC-4735A,152 OF 2023,25/07/2023,DDJAY-APHP,5.11875,Rohtak,24/07/2028,22D,Suhag Realty,View Land Schedule,View
LC-4040,ONE ROH-27A DDJAY-APHP ( Demarcation - Cum Zoning Plan ),,,,LC-4040A,157 OF 2023,09/08/2023,DDJAY-APHP,15.8125,Rohtak,08/08/2028,27A,ONE HEIGHT DEVELOPERS PVT LTD,View Land Schedule,View
LC-4040,ONE ROH-27A DDJAY-APHP ( Demarcation - Cum Zoning Plan ),,,,LC-4040B,95 OF 2025,10/06/2025,DDJAY-APHP,2.05,Rohtak,09/06/2030,27A,ONE HEIGHT DEVELOPERS PVT LTD,View Land Schedule,View
LC-4534,PATANJALI ROH-35 RGH,24/04/2024,,,LC-4534A,183 OF 2023,12/09/2023,RGH,2.44375,Rohtak,11/09/2028,35,PATANJALI BUILDCON PVT. LTD.,View Land Schedule,View
LC-5097,RISHIKA ROH-22 DDJAY-APHP (Revised Layout Plan) (Demarcation Cum Zoning Plan),,,,LC-5097A,216 OF 2023,23/10/2023,DDJAY-APHP,9.75625,Rohtak,22/10/2028,NA,Rishika Green Global LLP,View Land Schedule,View
LC-5097,RISHIKA ROH-22 DDJAY-APHP (Revised Layout Plan) (Demarcation Cum Zoning Plan),,,,LC-5097B,33 OF 2025,21/03/2025,DDJAY-APHP,5.45,Rohtak,20/03/2030,NA,Rishika Green Global LLP,View Land Schedule,View
LC-5324,FORTEASIA ROH IPL (Revised Layout Plan) (Layout Plan) (Zoning Plan) (Zoning Plan) (Demarcation Cum Zoning Plan) (Demarcation Cum Zoning Plan) (Layout Plan),,,,LC-5324A,86 OF 2024,15/07/2024,IPA,22.2375,Kalanaur,14/07/2029,NA,Forteasia Realty Pvt. Ltd.,View Land Schedule,View
LC-5324,FORTEASIA ROH IPL (Revised Layout Plan) (Layout Plan) (Zoning Plan) (Zoning Plan) (Demarcation Cum Zoning Plan) (Demarcation Cum Zoning Plan) (Layout Plan),,,,LC-5324C,84 OF 2025,28/05/2025,IPA,43.69375,Kalanaur,27/05/2030,NA,Forteasia Realty Pvt. Ltd.,View Land Schedule,View
LC-5324,FORTEASIA ROH IPL (Revised Layout Plan) (Layout Plan) (Zoning Plan) (Zoning Plan) (Demarcation Cum Zoning Plan) (Demarcation Cum Zoning Plan) (Layout Plan),,,,LC-5324E,185 OF 2025,24/09/2025,IPA,34.73125,Kalanaur,23/09/2030,NA,Forteasia Realty Pvt. Ltd.,View Land Schedule,View
LC-5324,FORTEASIA ROH IPL (Revised Layout Plan) (Layout Plan) (Zoning Plan) (Zoning Plan) (Demarcation Cum Zoning Plan) (Demarcation Cum Zoning Plan) (Layout Plan),,,,LC-5324F,86 OF 2026,07/05/2026,IPA,6.85,Kalanaur,06/05/2031,NA,Forteasia Realty Pvt. Ltd.,View Land Schedule,View
LC-5165,PALM ROH-21D DDJAY-APHP (Layout Plan) (Demarcation Cum Zoning Plan),,,,LC-5165A,81 OF 2025,27/05/2025,DDJAY-APHP,8.8875,Rohtak,26/05/2030,21D,Palm Abodes Infra,View Land Schedule,View
LC-5490,OM ROH-21B DDJAY-APHP (Demarcation cum Zoning Plan),,,,LC-5490A,104 OF 2025,19/06/2025,DDJAY-APHP,10.4375,Rohtak,18/06/2030,21B,Om New Era Pvt. Ltd.,View Land Schedule,View
LC-5676,FORTEASIA ROH-21C DDJAY-APHP (Layout plan) (Demarcation cum Zoning Plan),,,,LC-5676A,120 OF 2025,11/07/2025,DDJAY-APHP,13.71875,Rohtak,10/07/2030,22A,Forteasia Realty Pvt. Ltd.,View Land Schedule,View
LC-5202,OPG ROH-6 DDJAY-APHP Layout Plan (Demarcation Cum Zoning Plan) (Demarcation cum Zoning Plan),,,,LC-5202A,123 OF 2025,17/07/2025,DDJAY-APHP,17,Rohtak,16/07/2030,6,OPG Developers Private Limited,View Land Schedule,View
LC-5601,PRIMA ROH DDJAY-APHP (Layout Plan) (Demarcation cum zoning plan),,,,LC-5601A,141 OF 2025,08/08/2025,DDJAY-APHP,5.725,Rohtak,07/08/2030,NA,M/s Prima Life Spaces Private Limited,View Land Schedule,View
LC-5665,EMPIRE ROH-36A DDJAY-APHP (Proposed Layout Plan) (Demarcation Cum Zoning Plan),,,,LC-5665A,163 OF 2025,03/09/2025,DDJAY-APHP,9.33125,Rohtak,02/09/2030,36A,Empire South Pvt. Ltd.,View Land Schedule,View
LC-5544,IMPERIALSTONE ROH-21D DDJAY-APHP (Layout Plan) (Demarcation Cum Zoning Plan),,,,LC-5544A,249 OF 2025,12/12/2025,DDJAY-APHP,5.325,Rohtak,11/12/2030,21D,Imperialstone Infraparks Pvt. Ltd.,View Land Schedule,View
LC-5794,VRR ROH-22D DDJAY-APHP (Layout Plan) (Layout cum Demarcation Plan),,,,LC-5794A,46  OF 2026,13/03/2026,DDJAY-APHP,14.76875,Rohtak,12/03/2031,22D,VRR Residency LLP,View Land Schedule,View
LC-5471,DEEPAK ROH IPL (Layout Plan),,,,LC-5471A,77 OF 2026,29/04/2026,IPA,30.8675,Kalanaur,28/04/2031,NA,Deepak Maini,View Land Schedule,View
LC-5722,CONSONANCE ROH-21E DDJAY-APHP (Layout Plan) (Demarcation cum Zoning Plan),,,,LC-5722A,102 OF 2026,26/06/2026,DDJAY-APHP,20.8239,Rohtak,25/05/2031,21E,Consonance Infra LLP,View Land Schedule,View
LC-5778,AARADHYA ROH-25D DDJAY-APHP (Layout Plan),,,,LC-5778A,116 OF 2026,11/06/2026,DDJAY-APHP,5.9597,Rohtak,10/06/2031,25D,AARADHYA INFRASPACES LLP,View Land Schedule,View
LC-5821,SHYAMPREM ROH DDJAY-APHP (Layout Plan),,,,LC-5821A,134 OF 2026,07/07/2026,DDJAY-APHP,12.5753,Rohtak,06/07/2031,NA,Shyamprem Estate Private Limited,View Land Schedule,View
LC-5204,GALAXY MAGNUM ROH-27C DDJAY-APHP (Layout Plan),,,,LC-5204A,143 OF 2026,14/07/2026,DDJAY-APHP,15.565,Rohtak,13/07/2031,27C,Galaxy Magnum Projects Pvt. Ltd.,View Land Schedule,View
