developer_key,promoter_names,n_projects,projects,reg_numbers
JINDAL REALTY,JINDAL REALTY LIMITED | JINDAL REALTY PVT. LTD.,8,AADYAM | GLOBAL GREEN RESIDENCY | JINDAL GLOBAL CITY (PHASE-V) | JINDAL SMART CITY | SONEPAT GLOBAL CITY | SONEPAT GLOBAL CITY -PHASE II | SONEPAT GLOBAL CITY -PHASE III | TATVAM,149 OF 2017 DATED 28.08.2017 | 165 OF 2017 DATED 29.08.2017 | 261 OF 2017 DATED 03.10.2017 | HRERA-PKL-SNP-243-2021 | HRERA-PKL-SNP-331-2022 | HRERA-PKL-SNP-499-2023 | HRERA-PKL-SNP-814-2025 | HRERA-PKL-SNP-861-2026
ANSAL PROPERTIE INFRASTRUCTURE,ANSAL PROPERTIES & INFRASTRUCTURE LIMITED | ANSAL PROPERTIES AND INFRASTRUCTURE LIMITED | ANSAL PROPERTIES AND INFRASTRUCTURE LTD.,5,"ANAND LOK (SONIPAT-11.45625 ACRES) DDJAY | GREEN ESCAPE (T-18, 19, 26, 27, 28, 31, 32, 36, 37, 38, 39 AND PARTIAL EWS-224 UNITS) | SECTOR ROAD SCOS | SUSHANT CITY KUNDLI-ZONE 2 | SUSHANT CITY, SONIPAT (3.4187 ACRE PLOTTED)",303 OF 2017 DATED 16.10.2017 | HRERA-PKL-SNP-139-2019 | HRERA-PKL-SNP-173-2019 | HRERA-PKL-SNP-201-2020 | HRERA-PKL-SNP-212-2020
PARSVNATH DEVELOPER,PARSVNATH DEVELOPERS LTD.,4,"PARSVNATH CITY , SONEPAT(20.159 ACRES) | PARSVNATH CITY ,(118 ACRES) | PARSVNATH CITY CENTER SONEPAT | PARSVNATH PRESTON SONEPAT",132 OF 2017 DATED 28.08.2017 | 141 OF 2017 DATED 28.08.2017 | 332 OF 2017 DATED 24.10.2017 | 344 OF 2017 DATED 26.10.2017
TDI INFRASTRUCTURE,TDI INFRASTRUCTURE LIMITED | TDI INFRASTRUCTURE LTD.,3,ESPANIA 1 | ESPANIA- 2 | TUSCAN CITY(PHASE 3),368 OF 2017 DATED 24.11.2017 | HRERA-PKL-SNP-161-2019 | HRERA-PKL-SNP-162-2019
RAMA KRISHNA BUILDWELL,RAMA KRISHNA BUILDWELL PVT LTD | RAMA KRISHNA BUILDWELL PVT. LTD.,3,AFFORDABLE RESIDENTIAL PLOTTED COLONY  ON 14.68 ACRES | PRESIDIA HEIGHTS | RESIDENTIAL TOWNSHIP,371 OF 2017 DATED 27.11.2017 | HRERA-PKL-SNP-258-2021 | HRERA-PKL-SNP-259-2021
MAPSKO BUILDER,MAPSKO BUILDERS PVT LTD,3,"MAPSKO ASPR GREENZ | MAPSKO GALLERIA (PROJECT AREA 1.82 ACRES COMMERCIAL, PART OF RESIDENTIAL PLOTTED COLONY) | MAPSKO GARDEN ESTATE",HRERA-PKL-SNP-343-2022 | HRERA-PKL-SNP-397-2023 | HRERA-PKL-SNP-72-2018
SYSCOM EDUTECH,SYSCOM EDUTECH PRIVATE LIMITED,3,SONIPAT GLOBAL INDUSTRIAL TOWNSHIP | SONIPAT GLOBAL INDUSTRIAL TOWNSHIP - PHASE 3,HRERA-PKL-SNP-280-2021 | HRERA-PKL-SNP-393-2023 | HRERA-PKL-SNP-582-2024
NEXTRA DEVELOPER,NEXTRA DEVELOPERS LLP,2,NEXTRA CITY 2 | NEXTRA DEVELOPERS LLP,35 OF 2017 DATED 07.08.2017 | HRERA-PKL-SNP-465-2023
INDIABULL ESTATE,INDIABULLS ESTATE LTD | INDIABULLS ESTATE LTD.,2,IB CITY | IB CITY SONEPAT,335 OF 2017 DATED 24.10.2017 | HRERA-PKL-SNP-454-2023
MERA BABA REAL ESTATE,MERA BABA REAL ESTATE PVT. LTD.,2,AFFORDABLE RESIDENTIAL  PLOTTED  COLONY  ON 6.14 ACRES | SURAKSHA ENCLAVE,370 OF 2017 DATED 24.11.2017 | Not Issued Yet
SEAGULL BUILDWELL,SEAGULL BUILDWELL PRIVATE LIMITED | SEAGULL BUILDWELL PVT. LTD.,2,NRI- MURTHAL INDUSTRIAL TOWNSHIP | SEAGULL BUILDWELL PVT. LTD.,HRERA-PKL-SNP-138-2019 | HRERA-PKL-SNP-884-2026
CREATIVE BUILDWELL,CREATIVE BUILDWELL PRIVATE LIMITED | CREATIVE BUILDWELL PVT. LTD.,2,TULIP CITY | TULIP CITY SONIPAT PHASE-II,HRERA-PKL-SNP-230-2021 | HRERA-PKL-SNP-408-2023
NUGRAJ DREAM BUILDER,NUGRAJ DREAM BUILDERS PRIVATE LIMITED,2,MAJESTIC GREENS-1 | MAJESTIC GREENS-2,HRERA-PKL-SNP-654-2025 | HRERA-PKL-SNP-655-2025
ELDECO INFRACON REALTOR,ELDECO INFRACON REALTORS LIMITED,2,ELDECO AMOR | ELDECO AMOR VILLA,HRERA-PKL-SNP-527-2023 | HRERA-PKL-SNP-643-2024
ELDECO GREEN PARK INFRSTRUCTURE,ELDECO GREEN PARK INFRSTRUCTURE LIMITED,2,ELDECO AMAYA | ELDECO AMAYA VILLA,HRERA-PKL-SNP-496-2023 | HRERA-PKL-SNP-629-2024
SIDDHARTHA DEVELOPER,SIDDHARTHA DEVELOPERS,2,SIDDHARTHA DEVELOPERS | SIDDHARTHA RESIDENCY,HRERA-PKL-SNP-648-2025 | HRERA-PKL-SNP-891-2026
RAM SETU BUILDWELL,RAM SETU BUILDWELL PRIVATE LIMITED,2,ORANGE CITY | ORANGE PRIMIA FLOOR,HRERA-PKL-SNP-491-2023 | HRERA-PKL-SNP-774-2025
Y P INFRATECH,Y P INFRATECH PRIVATE LIMITED | Y P INFRATECH PVT. LTD.,2,ELITE HOMES+O2 HOME | GLOBUS INDUSTRIAL TOWNSHIP,HRERA-PKL-SNP-431-2023 | HRERA-PKL-SNP-548-2024
MANSHA BUILDCON,MANSHA BUILDCON PVT. LTD.,2,AAGMAN | MANSHA HERITAGE,HRERA-PKL-SNP-588-2024 | HRERA-PKL-SNP-775-2025
SKYLARK FLYING REAL ESTATE,SKYLARK FLYING REAL ESTATE PRIVATE LIMITED,2,GOKUL ESTATE | GOKUL GREEN,HRERA-PKL-SNP-434-2023 | HRERA-PKL-SNP-617-2024
M SHRI RAM SHARANAM CONSULTANT,M/S SHRI RAM SHARANAM CONSULTANTS PVT. LTD.,2,CRAFT HOMES | CRAFT RESIDENCIES,HRERA-PKL-SNP-537-2024 | HRERA-PKL-SNP-662-2025
GPB TRADING,GPB TRADING LLP,2,P P GALLERIA 1 | P P GREEN CITY-2,HRERA-PKL-SNP-526-2023 | HRERA-PKL-SNP-851-2026
MAXHEIGHT TOWNSHIP PROJECT,MAXHEIGHTS TOWNSHIP AND PROJECTS PVT. LTD.,1,METRO VIEW,314 OF 2017 DATED 17.10.2017
MAXHEIGHT PROMETER,MAXHEIGHTS PROMETERS  PVT. LTD.,1,AFFORDABLE GROUP HOUSING PROJECT   ON 5 ACRES,334 OF 2017 DATED 24.10.2017
TDI INFRACORP,TDI INFRACORP(INDIA) LIMITED,1,"WATER SIDE LFLOORS, LAKE DRIVE, LAKE SIDE HEIGHTS, EWS",43 OF 2017 DATED 11.08.2017
AAKARSHAK REALATOR,AAKARSHAK REALATORS PVT. LTD.,1,WHITE LILY,HRERA-PKL-SNP-2-2018
SUPER MAX AFFORDABLE HOUSING,SUPER MAX AFFORDABLE HOUSING PVT. LTD.,1,AFFORDABLE GROUP HOUSING COLONY  ON 5 ACRES,343 OF 2017 DATED 27.10.2017
JAI KRISHNA ARTEC J V,JAI KRISHNA ARTEC J.V,1,GREEN WOOD CITY A PLOTTED COLONY ON AREA 137.55 ACRES,HRERA-PKL-SNP-15-2018 DATED: 12-06-2018
PARILOK REAL ESTATE,PARILOK REAL ESTATES PRIVATE LIMITED,1,AMBER PARK AT PARADISE GREENS,HRERA-PKL-SNP-123-2019
J BROADCASTING,J S BROADCASTING PRIVATE LIMITED,1,CORAL PARK AT PARADISE GREENS,HRERA-PKL-SNP-133-2019
SANA REALTOR,SANA REALTORS PRIVATE LIMITED,1,CONNAUGHT STREET,HRERA-PKL-SNP-197-2020
PARDESI DEVELOPER INFRASTRUCTURE,PARDESI DEVELOPERS AND INFRASTRUCTURE PVT. LTD.,1,VAIKUNTH,HRERA-PKL-SNP-199-2020
SANJEEV SARIN OTHER LICENSEE,SANJEEV SARIN AND OTHERS (LICENSEE),1,SHRI RAM RESIDENCY,HRERA-PKL-SNP-252-2021
PARKER VRC INFRASTRUCTURE,PARKER VRC INFRASTRUCTURE PRIVATE LIMITED,1,WHITE LILY RESIDENCY,HRERA-PKL-SNP-198-2020
THE POLICE EMPLOYEE OPERATIVE HOUSE BUILDING SOCIETY,THE POLICE EMPLOYEES CO-OPERATIVE HOUSE BUILDING SOCIETY LTD.,1,EMPLOYEES ENCLAVE,HRERA-PKL-SNP-229-2021
A P REAL ESTATE,A P REAL ESTATES,1,P. P. GREEN CITY,HRERA-PKL-SNP-228-2021
RANGOLI BUILDTECH,RANGOLI BUILDTECH PVT LTD,1,RANGOLI GREEN,HRERA-PKL-SNP-268-2021
ANSAL PROPERITIE INFRASTRUCTURE,ANSAL PROPERITIES AND INFRASTRUCTURE LIMITED,1,SUSHANT CITY ZONE-1 (20.081 ACRE),HRERA-PKL-SNP-172-2019
SAMYAK PROPERTIE INFRASTRUCTURE,SAMYAK PROPERTIES AND INFRASTRUCTURE PRIVATE LIMITED,1,SAFFRON ESTATE,HRERA-PKL-SNP-156-2019
PUSHPRATTAN DEVELOPER,PUSHPRATTAN DEVELOPERS PRIVATE LIMITED,1,BLOSSOM PARK AT PARADISE GREENS,HRERA-PKL-SNP-157-2019
TDI MANSION,TDI MANSION PRIVATE LIMITED,1,CHITRAKOOT,HRERA-PKL-SNP-164-2019
KAMAL IDEAL INFRATECH,KAMAL IDEAL INFRATECH PVT. LTD.,1,SAPPHIRE FLOORS AND SAPPHIRE HEIGHTS,HRERA-PKL-SNP-71-2018
MAKSAD ESTATE HARDWARE,MAKSAD ESTATE AND HARDWARE LIMITED,1,ELDECO HISTREET-1,HRERA-PKL-SNP-83-2018
PARDESI DEVELOPER IN COLLABORATION WITH SMT SUNITA NARULA,PARDESI DEVELOPERS PRIVATE LIMITED IN COLLABORATION WITH SMT. SUNITA NARULA,1,USHAY TOWER,HRERA-PKL-SNP-140-2019
SMN REALTY,SMN REALTY LLP,1,SHRI GREENS CITY,HRERA-PKL-SNP-309-2022
GEMIMI AGROFARM,GEMIMI AGROFARMS PRIVATE LIMITED,1,SUPERMAX SPITI HOMES,HRERA-PKL-SNP-396-2023
APEX BUILDTECH,APEX BUILDTECH LIMITED,1,APEX GREEN TOWER 9 & 10,HRERA-PKL-SNP-324-2022
GEMINI AGROFARM,GEMINI AGROFARMS PRIVATE LIMITED,1,SUPERMAX-THE FLOWER CITY,HRERA-PKL-SNP-395-2023
RISHIKA CONSTRUCTION,RISHIKA CONSTRUCTIONS LLP,1,RISHIKA GREENS,HRERA-PKL-SNP-361-2022
RRITAM REALITY,RRITAM REALITY LLP,1,RRITAM PEACE VALLEY,HRERA-PKL-SNP-741-2025
SNPC RESIDENCY,SNPC RESIDENCY LIMITED,1,NV CITY- I,HRERA-PKL-SNP-853-2026
SUNFROST FROZEN FOOD,SUNFROST FROZEN FOODS LLP,1,SHRI RAM RESIDENCY,HRERA-PKL-SNP-251-2021
HARYANA STATE INDUSTRIAL INFRASTRUCTURE DEVELOPMENT CORPORATION,HARYANA STATE INDUSTRIAL & INFRASTRUCTURE DEVELOPMENT CORPORATION,1,INDUSTRIAL MODEL TOWNSHIP KHARKHODA,HRERA-PKL-SNP-441-2023
M ULTIMA REALTY,M/S. ULTIMA REALTY,1,ULTIMA GLOBAL SQUARE,HRERA-PKL-SNP-340-2022
ROF HOUSING INFRASTRUCTURE,ROF HOUSING AND INFRASTRUCTURE PRIVATE LIMITED,1,ROF I CITY,HRERA-PKL-SNP-363-2022
SHREE BANKE BIHARI HEALTHCARE,SHREE BANKE BIHARI HEALTHCARE LLP,1,TULIP CITY PHASE-III,HRERA-PKL-SNP-409-2023
EXPRES PROJECT,EXPRESS PROJECTS PRIVATE LIMITED,1,EXPRESS ENCLAVE,HRERA-PKL-SNP-273-2021
NEW ERA INFRASTRUCTURE,NEW ERA INFRASTRUCTURE PRIVATE LIMITED,1,SOUTH CITY,HRERA-PKL-SNP-256-2021
RISHIKA BUILDTECH,RISHIKA BUILDTECH PRIVATE LIMITED,1,RISHIKA COUNTY,HRERA-PKL-SNP-262-2021
INDIABULL URBANRESIDENCY,INDIABULLS URBANRESIDENCY LIMITED,1,INDIABULLS GREEN AVENUE,HRERA-PKL-SNP-676-2025
BGCC DEVELOPER,BGCC DEVELOPERS PRIVATE LIMITED,1,GOPAL ENCLAVE,HRERA-PKL-SNP-399-2023
KRISTINA INFRASTRUCTURE,KRISTINA INFRASTRUCTURE PRIVATE LIMITED,1,KBD34,HRERA-PKL-SNP-445-2023
OASI LANDMARK,OASIS LANDMARKS LLP,1,GODREJ GREEN ESTATE,HRERA-PKL-SNP-348-2022
M SAMYAK PROPERTIE INFRASTRUCTURE,M/S. SAMYAK PROPERTIES AND INFRASTRUCTURE PRIVATE LIMITED,1,SAFFRON GRAND,HRERA-PKL-SNP-388-2022
RAHUL MANGLA FOOD PROCESSING COLD STORAGE,RAHUL MANGLA FOOD PROCESSING & COLD STORAGE PRIVATE LIMITED,1,SIDDHARTHA RESIDENCY,HRERA-PKL-SNP-411-2023
REGARD DELVELOPER,REGARDS DELVELOPERS PRIVATE LIMITED,1,ANANDAM,HRERA-PKL-SNP-549-2024
SPJ PROMOTER,SPJ PROMOTERS PRIVATE LIMITED,1,ARORA INDUSTRIAL PARK,HRERA-PKL-SNP-506-2023
M MATHUR DEVELOPER INFRASTRUCTURE,M/S MATHUR DEVELOPERS & INFRASTRUCTURES PRIVATE LIMITED,1,BLUE DIAMOND  RESIDENCY,HRERA-PKL-SNP-542-2024
SNB REALITY,SNB REALITY PRIVATE LIMITED,1,RISHIKA COMMERCIAL SQUARE,HRERA-PKL-SNP-481-2023
RISHIKA EDIFICE,RISHIKA EDIFICE LLP,1,RISHIKA VALLEY,HRERA-PKL-SNP-502-2023
AT EDUCON,AT EDUCON PRIVATE LIMITED,1,RISHIKA ESTATE,HRERA-PKL-SNP-490-2023
KAIRAV INFRASTRUCTURE,KAIRAV INFRASTRUCTURE PRIVATE LIMITED,1,MAPSKO GARDENIA,HRERA-PKL-SNP-522-2023
GRAND IMPERIAL DEVELOPER,GRAND IMPERIAL DEVELOPERS LLP,1,JOY CITY,HRERA-PKL-SNP-497-2023
RISHIKA STRUCTURE,RISHIKA STRUCTURE LLP,1,RISHITAM CITY,HRERA-PKL-SNP-571-2024
MAHADEV UNITED INFRASTRUCTURE,MAHADEV UNITED INFRASTRUCTURE PVT. LTD.,1,MAHADEV INDUSTRIAL TOWNSHIP (MIT),HRERA-PKL-SNP-559-2024
MANJESH,MANJESH,1,THE GOLDEN AVENUE,HRERA-PKL-SNP-583-2024
NEW SOHNA WAREHOUSING,NEW SOHNA WAREHOUSING PVT. LTD.,1,ONEPRASTHA SONIPAT,HRERA-PKL-SNP-591-2024
JINDAL INFRA BUILD,JINDAL INFRA BUILD PRIVATE LIMITED,1,VISION PRIDE,HRERA-PKL-SNP-605-2024
KESHU PROMOTER,KESHU PROMOTERS LLP,1,RAJDHANI COUNTY,HRERA-PKL-SNP-597-2024
TULIP INFRATECH,TULIP INFRATECH PVT LTD,1,TULIP GRAND ON LAND MEASURING 15.055 ACRES,HRERA-PKL-SNP-93-2019
ORION TECH PARK DEVELOPER,ORION TECH PARK DEVELOPERS LLP,1,ORION CITY,HRERA-PKL-SNP-674-2025
RPT ESTATE,RPT ESTATE PVT. LTD.,1,NEWSTONE GARDENS 1,HRERA-PKL-SNP-671-2025
SNPC GLOBAL RESIDENCY,SNPC GLOBAL RESIDENCY LLP,1,NV CITY,HRERA-PKL-SNP-630-2024
SC HOTEL RESORT,SC HOTELS AND RESORTS PVT LTD,1,KATYAL RAMAYA,HRERA-PKL-SNP-623-2024
QUARTERAGE DEVELOPER,QUARTERAGE DEVELOPERS PRIVATE LIMITED,1,MANTOSH,HRERA-PKL-SNP-631-2024
ELDECO GREEN PARK INFRASTRUCTURE,ELDECO GREEN PARK INFRASTRUCTURE LIMITED,1,ELDECO AMAYA COMMERCIAL,HRERA-PKL-SNP-701-2025
RIVERWOOD PROJECT,RIVERWOOD PROJECTS LLP,1,RIVERWOOD ESTATE,HRERA-PKL-SNP-751-2025
LOTU TRADING SECURITIE,LOTUS TRADING AND SECURITIES PRIVATE LIMITED,1,COMMERCIAL ONE,HRERA-PKL-SNP-642-2024
FLOWTECH ESTATE,FLOWTECH ESTATES PRIVATE LIMITED,1,AARANYA GREENS,HRERA-PKL-SNP-675-2025
LAXMI SON EMPIRE DEVELOPER,LAXMI SON EMPIRE DEVELOPER LLP,1,LAXMI CITY,HRERA-PKL-SNP-777-2025
ONE PRASTHA REALTY,ONE PRASTHA REALTY LLP,1,THE ELITE RESIDENCES BY ONE PRASTHA,HRERA-PKL-SNP-785-2025
KUNJ BEHARI MINE,KUNJ BEHARI MINES LLP,1,KUNJ BEHARI ENCLAVE,HRERA-PKL-SNP-786-2025
SOHA DEVELOPER,SOHA DEVELOPERS PRIVATE LIMITED,1,ARCONIA CITY,HRERA-PKL-SNP-802-2025
M GPB TRADING,M/S GPB TRADING LLP,1,PP GALLERIA,HRERA-PKL-SNP-850-2026
SHUBHASHOK IFNRA GROW,SHUBHASHOK IFNRA GROW LLP,1,ASHOKA CITY,HRERA-PKL-SNP-787-2025
M JAGRAMM INFRATECH,M/S JAGRAMM INFRATECH LLP,1,ALAN CITY,HRERA-PKL-SNP-803-2025
ARVEEN BUILD ESTATE,ARVEEN BUILD ESTATE LLP,1,SKYMARX HORIZON ONE,HRERA-PKL-SNP-797-2025
VISION PRIDE INFRATECH,VISION PRIDE INFRATECH PRIVATE LIMITED,1,VISION PRIDE GREEN,HRERA-PKL-SNP-833-2026
ULTIMATE REAL HOUSING,ULTIMATE REAL HOUSING PRIVATE LIMITED,1,ULTIMA TOWN,HRERA-PKL-SNP-691-2025
RRTITAM DEVELOPER,RRTITAM DEVELOPERS LLP,1,RISHIKA INDUSTRIAL CITY,HRERA-PKL-SNP-863-2026
PARKER INFRASTRUCTURE,PARKER INFRASTRUCTURE PRIVATE LIMITED,1,PARKER NIKETAN,HRERA-PKL-SNP-877-2026
M LANDLORD DEVELOPER,M/S LANDLORD DEVELOPERS PVT. LTD.,1,METRO CITY,HRERA-PKL-SNP-878-2026
RISHABH RESIDENCYLLP,RISHABH RESIDENCYLLP,1,NV CITY,HRERA-PKL-SNP-835-2026
KK DHANUKA ESTATE,KK DHANUKA ESTATES PVT LTD,1,AARAMBH GREENS,HRERA-PKL-SNP-869-2026
DEMEANOR CONSTRUCTION,DEMEANOR CONSTRUCTION PRIVATE LIMITED,1,GANAUR CENTRAL,HRERA-PKL-SNP-895-2026
SVSJ BUILDPROP,SVSJ BUILDPROP LLP,1,NIKUNJ CITY,HRERA-PKL-SNP-892-2026
SUREPAS INFRA,SUREPASS INFRA LLP,1,ROYAL GREEN COUNTY THE SELECT,HRERA-PKL-SNP-862-2026
MRIDA EXPRES CITY,MRIDA EXPRESS CITY LLP,1,AVANI EXPERIA,HRERA-PKL-SNP-855-2026
MANAV ASSOCIATESPRIVATE,MANAV ASSOCIATESPRIVATE LIMITED,1,SAVANAH GREENS,HRERA-PKL-SNP-708-2025
SHUBHASHOK INFRA GROW,SHUBHASHOK INFRA GROW LLP,1,ASHOKA GREENS,HRERA-PKL-SNP-870-2026
SONIPAT DEVRU VENTURE,SONIPAT DEVRU VENTURES LLP,1,THE ELITE ADDRESS,HRERA-PKL-SNP-899-2026
NATURE EARTH KHARKHODA,NATURE EARTH KHARKHODA LLP,1,RUDRA COUNTY,HRERA-PKL-SNP-890-2026
VARDAAN BUILDTECH,VARDAAN BUILDTECH PRIVATE LIMITED,1,RISHIKA CITY CENTRE,HRERA-PKL-SNP-840-2026
OAK HILL INFRA,OAK HILLS INFRA,1,AGAMYA PRIME,HRERA-PKL-SNP-901-2026
PTRT BUILDER,PTRT BUILDERS PRIVATE LIMITED,1,NEWSTONE PARK,HRERA-PKL-SNP-711-2025
SOUTH WEST BLIS,SOUTH WEST BLISS PRIVATE LIMITED,1,NEOLIV GRAND PARK,HRERA-PKL-SNP-698-2025
SUPERMAX AFFORDABLE HOUSING,SUPERMAX AFFORDABLE HOUSING PVT LTD,1,SUPERMAX AVENUE 35,HRERA-PKL-SNP-894-2026
UNILIANCE,UNILIANCE PRIVATE LIMITED,1,SHREE RAM RESIDENCY,HRERA-PKL-SNP-926-2026
RRITAM DREAMBUILDER,RRITAM DREAMBUILDERS LLP,1,SONIPAT INTERNATIONAL CITY BY RIGHTLAND,HRERA-PKL-SNP-927-2026
BENISON HOME,BENISONS HOMES LLP,1,NUGRAJ INDUSTRIAL PARK,HRERA-PKL-SNP-928-2026
NEXTRA DREAM TOWN REALTY,NEXTRA DREAM TOWN REALTY PVT. LTD.,1,NEXTRA CITY-3,HRERA-PKL-SNP-929-2026
MRIDA SEVEN ELEMENT,MRIDA SEVEN ELEMENT LLP,1,SONIPAT GLOBAL INDUSTRIAL TOWNSHIP KHARKHODA,HRERA-PKL-SNP-936-2026
JBB EVEREST BUILDTECH,JBB EVEREST BUILDTECH PVT. LTD.,1,BTW GRAND SQUARE,HRERA-PKL-SNP-420-2023
KALPTARU DEVELOPER,KALPTARU DEVELOPERS PRIVATE LIMITED,1,KALPTARU RESIDENCY,HRERA-PKL-SNP-954-2026
